ing,si,ta,l,n,z,ank,er,gr,ail,p,b
ent,ra,ad,l,d,lly,eed,li,fl,s,p,b
ter,na,pr,n,end,z,ore,re,vi,e,d,n
ear,th,tr,d,l,x,ame,se,mi,car,f,p
ain,to,lo,ash,s,x,ack,ry,rk,e,f,p
ate,we,de,t,l,qu,lea,le,il,e,h,che
for,it,ro,p,l,j,ove,al,nk,ave,f,b
age,rd,sl,d,n,j,sho,ch,go,e,tra,h
est,la,pe,d,r,hea,ale,st,ba,e,c,b
ice,en,ld,dr,l,v,sha,ng,wn,e,f,g
ide,bo,ow,d,am,r,ock,no,ay,n,c,g
ite,ne,ke,d,ny,v,ake,te,he,t,c,m
all,fa,pi,b,n,i,ist,nd,ti,d,ap,g
ste,ss,ha,ic,n,i,ang,me,wh,t,c,m
eat,pa,sp,v,e,dy,gra,ed,po,t,c,g
ill,so,wa,r,g,u,ace,at,mp,ew,y,a
one,et,fo,r,m,s,own,ly,in,du,i,f
ard,ge,wo,r,op,u,dea,fe,da,s,y,a
ose,wi,br,r,t,o,cha,ce,fi,ur,h,a
ver,cl,el,rn,m,o,ast,ll,pl,s,y,a
chi,rt,ex,r,m,sc,ell,nt,sw,t,y,a
sta,an,bu,di,k,o,tch,ma,do,t,y,w
art,or,su,t,m,k,are,ga,sk,end,y,w
rea,sh,id,t,y,k,wor,co,es,s,h,ess
rry,ar,sa,s,ct,m,int,mo,cr,l,h,w
ick,on,ca,e,r,em,pro,be,ho,u,h,w
ine,ck,ea,s,na,k,ole,ve,va,e,h,w